id;names;last_name;date_of_birth;address_physical;address_postal;telephone_number
1;mobile Fish;Satterfield;2019-08-11;Table Computer;Trace;Savings Account alarm
2;Tasty Metal Bacon;Wehner;2019-08-11;Chips;Money Market Account;Albania web-readiness
3;Namibia;Jacobi;2019-08-11;zero administration;Multi-channelled Licensed;grey Cambridgeshire
4;Canyon HDD;Parisian;2019-08-11;Small Frozen Sausages Planner;envisioneer Music Public-key;infomediaries
5;Investment Account;Sipes;2019-08-11;Regional;Tuna;hardware Costa Rica Mayotte
6;Industrial;Spinka;2019-08-11;Markets Chief;capacitor archive;sky blue Tasty Plastic Pizza
7;compress South Georgia and the South Sandwich Islands;McGlynn;2019-08-11;mission-critical Faroe Islands Plastic;Car Industrial deliverables;orange Books
8;magenta monitor 1080p;Moen;2019-08-11;world-class Frozen IB;Highway Ergonomic;moratorium moratorium
9;New York tangible Mississippi;Homenick;2019-08-11;bus synthesize Idaho;Networked Sleek Metal Table Small;Intelligent Outdoors
10;Harbor Montana;Powlowski;2019-08-10;Phased;Saint Lucia white;Generic neutral Salad
